{
  "name": "Client",
  "base": "User",
  "idInjection": true,
  "options": {
    "validateUpsert": true
  },
  "properties": {
    "client_name": {
      "type": "string",
      "required": true
    },
    "company_name": {
      "type": "string",
      "required": true
    },
    "address": {
      "type": "string",
      "required": true
    },
    "city": {
      "type": "string",
      "required": true
    },
    "province": {
      "type": "string",
      "required": true
    },
    "postal_code": {
      "type": "string",
      "required": true
    },
    "email": {
      "type": "string",
      "required": true
    },
    "contact": {
      "type": "number",
      "required": true
    }
  },
  "validations": [],
  "relations": {
    "project": {
      "type": "hasMany",
      "model": "Project",
      "foreignKey": "id"
    }
  },
  "acls": [],
  "methods": {}
}
